0,0,0.34385
0.020781,0.0035642,0.34385
0.041562,0.022385,0.34497
0.062343,0.047286,0.3461
0.083125,0.072182,0.34722
0.10391,0.097082,0.34834
0.12469,0.12201,0.34947
0.14547,0.14695,0.35059
0.16625,0.17191,0.35171
0.18703,0.19686,0.35284
0.20781,0.22183,0.35396
0.22859,0.24681,0.35509
0.24937,0.27182,0.35621
0.27015,0.29684,0.35733
0.29094,0.32186,0.35846
0.31172,0.34689,0.35958
0.3325,0.37194,0.3607
0.35328,0.39701,0.36183
0.37406,0.4221,0.36295
0.39484,0.4472,0.36408
0.41562,0.4723,0.3652
0.4364,0.49742,0.36632
0.45718,0.52257,0.36745
0.47797,0.54774,0.36857
0.49875,0.57293,0.36969
0.51953,0.59813,0.37117
0.54031,0.62335,0.37268
0.56109,0.64859,0.3742
0.58187,0.67386,0.37571
0.60265,0.69912,0.37713
0.62343,0.72436,0.37747
0.64422,0.74961,0.3778
0.665,0.77489,0.37814
0.68578,0.80022,0.37847
0.70656,0.82557,0.3788
0.72734,0.85092,0.37914
0.74812,0.87627,0.37947
0.7689,0.90165,0.37981
0.78968,0.92708,0.38014
0.81046,0.95253,0.38048
0.83125,0.97799,0.38081
0.85203,1.0035,0.38114
0.87281,1.029,0.38148
0.89359,1.0545,0.38181
0.91437,1.0801,0.38215
0.93515,1.1057,0.38248
0.95593,1.1313,0.38282
0.97671,1.1569,0.38316
0.99749,1.1825,0.38349
1.0183,1.2082,0.38383
1.0391,1.234,0.38416
1.0598,1.2597,0.3845
1.0806,1.2855,0.38483
1.1014,1.3113,0.38517
1.1222,1.3371,0.3855
1.143,1.363,0.38584
1.1637,1.3889,0.38618
1.1845,1.4148,0.38651
1.2053,1.4407,0.38685
1.2261,1.4667,0.38718
1.2469,1.4928,0.38752
1.2676,1.5188,0.38786
1.2884,1.5449,0.38819
1.3092,1.571,0.38853
1.33,1.5971,0.38887
1.3508,1.6233,0.3892
1.3716,1.6496,0.38954
1.3923,1.6758,0.38988
1.4131,1.7021,0.39021
1.4339,1.7284,0.39055
1.4547,1.7548,0.39089
1.4755,1.7812,0.39123
1.4962,1.8077,0.39156
1.517,1.8341,0.3919
1.5378,1.8606,0.39224
1.5586,1.8872,0.39257
1.5794,1.9138,0.39291
1.6001,1.9404,0.39325
1.6209,1.9671,0.39359
1.6417,1.9938,0.39393
1.6625,2.0205,0.39426
1.6833,2.0473,0.3946
1.7041,2.0742,0.39494
1.7248,2.101,0.39528
1.7456,2.1279,0.39561
1.7664,2.1549,0.39595
1.7872,2.1819,0.39629
1.808,2.2089,0.39663
1.8287,2.236,0.39697
1.8495,2.2631,0.39731
1.8703,2.2903,0.39764
1.8911,2.3175,0.39798
1.9119,2.3448,0.39832
1.9326,2.3721,0.39866
1.9534,2.3994,0.399
1.9742,2.4268,0.39934
1.995,2.4542,0.39968
2.0158,2.4817,0.40002
2.0366,2.5093,0.40036
2.0573,2.5368,0.40069
2.0781,2.5644,0.40103
2.0989,2.5921,0.40137
2.1197,2.6198,0.40171
2.1405,2.6476,0.40205
2.1612,2.6754,0.40239
2.182,2.7032,0.40273
2.2028,2.7311,0.40307
2.2236,2.7591,0.40341
2.2444,2.7871,0.40375
2.2651,2.815,0.40409
2.2859,2.843,0.40443
2.3067,2.8707,0.40477
2.3275,2.8985,0.40511
2.3483,2.9264,0.40545
2.369,2.9542,0.40579
2.3898,2.9821,0.40613
2.4106,3.0101,0.40647
2.4314,3.0381,0.40681
2.4522,3.0662,0.40715
2.473,3.0942,0.40749
2.4937,3.1224,0.40783
2.5145,3.1506,0.40817
2.5353,3.1788,0.40851
2.5561,3.2071,0.40885
2.5769,3.2354,0.40919
2.5976,3.2637,0.40953
2.6184,3.2922,0.40987
2.6392,3.3206,0.41021
2.66,3.3491,0.41055
2.6808,3.3777,0.4109
2.7015,3.4062,0.41124
2.7223,3.4349,0.41158
2.7431,3.4635,0.41192
2.7639,3.4923,0.41226
2.7847,3.521,0.4126
2.8055,3.5498,0.41294
2.8262,3.5786,0.41328
2.847,3.6075,0.41362
2.8678,3.6365,0.41397
2.8886,3.6655,0.41431
2.9094,3.6945,0.41465
2.9301,3.7235,0.41499
2.9509,3.7526,0.41533
2.9717,3.7818,0.41567
2.9925,3.8109,0.41601
3.0133,3.8402,0.41636
3.034,3.8694,0.4167
3.0548,3.8987,0.41704
3.0756,3.9281,0.41738
3.0964,3.9575,0.41772
3.1172,3.9869,0.41807
3.138,4.0163,0.41841
3.1587,4.0459,0.41875
3.1795,4.0754,0.41909
3.2003,4.105,0.41943
3.2211,4.1346,0.41978
3.2419,4.1643,0.42012
3.2626,4.194,0.42046
3.2834,4.2237,0.4208
3.3042,4.2535,0.42114
3.325,4.2833,0.42149
3.3458,4.3132,0.42183
3.3665,4.3431,0.42217
3.3873,4.373,0.42251
3.4081,4.403,0.42286
3.4289,4.433,0.4232
3.4497,4.463,0.42354
3.4704,4.4931,0.42388
3.4912,4.5232,0.42423
3.512,4.5534,0.42457
3.5328,4.5836,0.42491
3.5536,4.6138,0.42526
3.5744,4.644,0.4256
3.5951,4.6743,0.42594
3.6159,4.7046,0.42628
3.6367,4.735,0.42663
3.6575,4.7654,0.42697
3.6783,4.7958,0.42731
3.699,4.8263,0.42766
3.7198,4.8568,0.428
3.7406,4.8873,0.42834
3.7614,4.9178,0.42868
3.7822,4.9484,0.42903
3.8029,4.979,0.42937
3.8237,5.0097,0.42971
3.8445,5.0404,0.43006
3.8653,5.0711,0.4304
3.8861,5.1018,0.43074
3.9069,5.1326,0.43109
3.9276,5.1634,0.43143
3.9484,5.1942,0.43177
3.9692,5.2251,0.43212
3.99,5.256,0.43246
4.0108,5.2869,0.4328
4.0315,5.3179,0.43315
4.0523,5.3488,0.43349
4.0731,5.3798,0.43384
4.0939,5.4109,0.43418
4.1147,5.4419,0.43452
4.1354,5.473,0.43487
4.1562,5.5041,0.43521
4.177,5.5353,0.43555
4.1978,5.5664,0.4359
4.2186,5.5976,0.43624
4.2394,5.6289,0.43659
4.2601,5.6601,0.43693
4.2809,5.6914,0.43727
4.3017,5.7227,0.43762
4.3225,5.754,0.43796
4.3433,5.7853,0.4383
4.364,5.8167,0.43865
4.3848,5.8481,0.43899
4.4056,5.8795,0.43934
4.4264,5.9109,0.43968
4.4472,5.9424,0.44002
4.4679,5.9739,0.44037
4.4887,6.0054,0.44071
4.5095,6.0369,0.44106
4.5303,6.0685,0.4414
4.5511,6.1001,0.44175
4.5718,6.1317,0.44209
4.5926,6.1633,0.44243
4.6134,6.1949,0.44278
4.6342,6.2266,0.44312
4.655,6.2583,0.44347
4.6758,6.29,0.44381
4.6965,6.3217,0.44415
4.7173,6.3534,0.4445
4.7381,6.3852,0.44484
4.7589,6.417,0.44519
4.7797,6.4488,0.44553
4.8004,6.4806,0.44588
4.8212,6.5125,0.44622
4.842,6.5444,0.44656
4.8628,6.5763,0.44691
4.8836,6.6082,0.44725
4.9043,6.6401,0.4476
4.9251,6.672,0.44794
4.9459,6.704,0.44829
4.9667,6.736,0.44863
4.9875,6.768,0.44898
5.0083,6.8,0.44932
5.029,6.832,0.44966
5.0498,6.8641,0.45001
5.0706,6.8962,0.45035
5.0914,6.9283,0.4507
5.1122,6.96,0.45104
5.1329,6.9796,0.45139
5.1537,6.9971,0.45173
5.1745,7.0146,0.45208
5.1953,7.0322,0.45242
5.2161,7.0498,0.45277
5.2368,7.0673,0.45311
5.2576,7.0849,0.45345
5.2784,7.1026,0.4538
5.2992,7.1202,0.45414
5.32,7.1379,0.45449
5.3408,7.1556,0.45483
5.3615,7.1733,0.45518
5.3823,7.191,0.45552
5.4031,7.2087,0.45587
5.4239,7.2265,0.45621
5.4447,7.2471,0.45656
5.4654,7.276,0.4569
5.4862,7.305,0.45724
5.507,7.334,0.45759
5.5278,7.3629,0.45793
5.5486,7.3919,0.45828
5.5693,7.4209,0.45862
5.5901,7.45,0.45897
5.6109,7.479,0.45931
5.6317,7.5081,0.45966
5.6525,7.5372,0.46
5.6732,7.5663,0.46035
5.694,7.5954,0.46069
5.7148,7.6245,0.46104
5.7356,7.6537,0.46138
5.7564,7.6829,0.46172
5.7772,7.714,0.46207
5.7979,7.754,0.46241
5.8187,7.7941,0.46276
5.8395,7.8342,0.4631
5.8603,7.8743,0.46345
5.8811,7.9144,0.46379
5.9018,7.9545,0.46414
5.9226,7.9947,0.46448
5.9434,8.0348,0.46483
5.9642,8.075,0.46517
5.985,8.1152,0.46551
6.0057,8.1555,0.46586
6.0265,8.1957,0.4662
6.0473,8.236,0.46655
6.0681,8.2762,0.46689
6.0889,8.3166,0.46724
6.1097,8.3569,0.46758
6.1304,8.3972,0.46793
6.1512,8.4376,0.46827
6.172,8.478,0.46862
6.1928,8.5184,0.46896
6.2136,8.5588,0.4693
6.2343,8.5993,0.46965
6.2551,8.6398,0.46999
6.2759,8.6802,0.47034
6.2967,8.7207,0.47068
6.3175,8.7613,0.47103
6.3382,8.8019,0.47137
6.359,8.8424,0.47171
6.3798,8.883,0.47206
6.4006,8.9236,0.4724
6.4214,8.9643,0.47275
6.4422,9.0049,0.47309
6.4629,9.0456,0.47344
6.4837,9.0863,0.47378
6.5045,9.127,0.47412
6.5253,9.1678,0.47447
6.5461,9.2086,0.47481
6.5668,9.2493,0.47516
6.5876,9.2902,0.4755
6.6084,9.331,0.47585
6.6292,9.3719,0.47619
6.65,9.4127,0.47653
6.6707,9.4536,0.47688
6.6915,9.4945,0.47722
6.7123,9.5355,0.47757
6.7331,9.5765,0.47791
6.7539,9.6129,0.47825
6.7746,9.6489,0.4786
6.7954,9.685,0.47894
6.8162,9.7211,0.47929
6.837,9.7572,0.47963
6.8578,9.7933,0.47997
6.8786,9.8295,0.48032
6.8993,9.8657,0.48066
6.9201,9.9019,0.481
6.9409,9.9381,0.48135
6.9617,9.9744,0.48169
6.9825,10.011,0.48204
7.0032,10.047,0.48238
7.024,10.083,0.48272
7.0448,10.12,0.48307
7.0656,10.156,0.48341
7.0864,10.192,0.48375
7.1071,10.229,0.4841
7.1279,10.265,0.48444
7.1487,10.302,0.48478
7.1695,10.338,0.48513
7.1903,10.375,0.48547
7.2111,10.411,0.48581
7.2318,10.448,0.48616
7.2526,10.484,0.4865
7.2734,10.521,0.48684
7.2942,10.558,0.48719
7.315,10.594,0.48753
7.3357,10.63,0.48787
7.3565,10.663,0.48822
7.3773,10.696,0.48856
7.3981,10.729,0.4889
7.4189,10.762,0.48925
7.4396,10.796,0.48959
7.4604,10.829,0.48993
7.4812,10.862,0.49028
7.502,10.895,0.49062
7.5228,10.928,0.49096
7.5436,10.961,0.4913
7.5643,10.995,0.49165
7.5851,11.028,0.49199
7.6059,11.061,0.49233
7.6267,11.095,0.49268
7.6475,11.128,0.49302
7.6682,11.161,0.49336
7.689,11.195,0.4937
7.7098,11.228,0.49405
7.7306,11.261,0.49439
7.7514,11.295,0.49473
7.7721,11.328,0.49507
7.7929,11.362,0.49542
7.8137,11.395,0.49576
7.8345,11.429,0.4961
7.8553,11.463,0.49644
7.876,11.496,0.49678
7.8968,11.53,0.49713
7.9176,11.563,0.49747
7.9384,11.597,0.49781
7.9592,11.631,0.49815
7.98,11.664,0.4985
8.0007,11.698,0.49884
8.0215,11.732,0.49918
8.0423,11.766,0.49952
8.0631,11.8,0.49986
8.0839,11.833,0.5002
8.1046,11.867,0.50055
8.1254,11.901,0.50089
8.1462,11.935,0.50123
8.167,11.969,0.50157
8.1878,12.003,0.50191
8.2085,12.037,0.50225
8.2293,12.071,0.5026
8.2501,12.105,0.50294
8.2709,12.139,0.50328
8.2917,12.173,0.50362
8.3125,12.207,0.50396
8.3332,12.241,0.5043
8.354,12.276,0.50464
8.3748,12.309,0.50498
8.3956,12.342,0.50533
8.4164,12.375,0.50567
8.4371,12.408,0.50601
8.4579,12.441,0.50635
8.4787,12.475,0.50669
8.4995,12.508,0.50703
8.5203,12.541,0.50737
8.541,12.575,0.50771
8.5618,12.608,0.50805
8.5826,12.641,0.50839
8.6034,12.675,0.50873
8.6242,12.708,0.50907
8.6449,12.741,0.50941
8.6657,12.775,0.50975
8.6865,12.808,0.51009
8.7073,12.842,0.51043
8.7281,12.875,0.51077
8.7489,12.909,0.51111
8.7696,12.943,0.51145
8.7904,12.976,0.51179
8.8112,13.01,0.51213
8.832,13.044,0.51247
8.8528,13.077,0.51281
8.8735,13.111,0.51315
8.8943,13.145,0.51349
8.9151,13.179,0.51383
8.9359,13.212,0.51417
8.9567,13.246,0.51451
8.9774,13.28,0.51485
8.9982,13.313,0.51519
9.019,13.345,0.51553
9.0398,13.373,0.51587
9.0606,13.401,0.51621
9.0814,13.428,0.51655
9.1021,13.456,0.51689
9.1229,13.483,0.51723
9.1437,13.511,0.51757
9.1645,13.539,0.5179
9.1853,13.566,0.51824
9.206,13.594,0.51858
9.2268,13.622,0.51892
9.2476,13.65,0.51926
9.2684,13.677,0.5196
9.2892,13.705,0.51994
9.3099,13.733,0.52027
9.3307,13.761,0.52061
9.3515,13.789,0.52095
9.3723,13.817,0.52129
9.3931,13.845,0.52163
9.4139,13.873,0.52197
9.4346,13.901,0.5223
9.4554,13.929,0.52264
9.4762,13.957,0.52298
9.497,13.985,0.52332
9.5178,14.013,0.52365
9.5385,14.042,0.52399
9.5593,14.07,0.52433
9.5801,14.098,0.52467
9.6009,14.126,0.525
9.6217,14.155,0.52534
9.6424,14.184,0.52568
9.6632,14.215,0.52602
9.684,14.251,0.52635
9.7048,14.288,0.52669
9.7256,14.325,0.52703
9.7463,14.362,0.52736
9.7671,14.398,0.5277
9.7879,14.435,0.52804
9.8087,14.472,0.52837
9.8295,14.509,0.52871
9.8503,14.546,0.52905
9.871,14.583,0.52938
9.8918,14.62,0.52972
9.9126,14.657,0.53006
9.9334,14.694,0.53039
9.9542,14.731,0.53073
9.9749,14.768,0.53106
9.9957,14.805,0.5314
10.017,14.843,0.53174
10.037,14.88,0.53207
10.058,14.917,0.53241
10.079,14.954,0.53274
10.1,14.992,0.53308
10.12,15.029,0.53341
10.141,15.066,0.53375
10.162,15.104,0.53408
10.183,15.141,0.53442
10.204,15.178,0.53476
10.224,15.216,0.53509
10.245,15.253,0.53542
10.266,15.291,0.53576
10.287,15.328,0.53609
10.307,15.366,0.53643
10.328,15.404,0.53676
10.349,15.441,0.5371
10.37,15.479,0.53743
10.391,15.517,0.53777
10.411,15.554,0.5381
10.432,15.592,0.53844
10.453,15.63,0.53877
10.474,15.667,0.5391
10.494,15.705,0.53944
10.515,15.743,0.53977
10.536,15.781,0.54011
10.557,15.819,0.54044
10.578,15.857,0.54077
10.598,15.894,0.54111
10.619,15.932,0.54144
10.64,15.97,0.54177
10.661,16.008,0.54211
10.682,16.046,0.54244
10.702,16.084,0.54277
10.723,16.122,0.5431
10.744,16.16,0.54344
10.765,16.198,0.54377
10.785,16.236,0.5441
10.806,16.274,0.54444
10.827,16.312,0.54477
10.848,16.35,0.5451
10.869,16.388,0.54543
10.889,16.426,0.54576
10.91,16.464,0.5461
10.931,16.502,0.54643
10.952,16.541,0.54676
10.972,16.579,0.54709
10.993,16.617,0.54742
11.014,16.655,0.54776
11.035,16.693,0.54809
11.056,16.731,0.54842
11.076,16.769,0.54875
11.097,16.807,0.54908
11.118,16.845,0.54939
11.139,16.883,0.5497
11.159,16.922,0.55001
11.18,16.96,0.55032
11.201,16.998,0.55063
11.222,17.036,0.55076
11.243,17.074,0.55089
11.263,17.112,0.55103
11.284,17.15,0.55116
11.305,17.188,0.55129
11.326,17.226,0.55142
11.346,17.264,0.55155
11.367,17.302,0.55168
11.388,17.34,0.55181
11.409,17.379,0.55194
11.43,17.417,0.55207
11.45,17.455,0.5522
11.471,17.493,0.55234
11.492,17.531,0.55247
11.513,17.569,0.5526
11.534,17.606,0.55273
11.554,17.641,0.55286
11.575,17.666,0.55299
11.596,17.691,0.55312
11.617,17.715,0.55325
11.637,17.74,0.55338
11.658,17.765,0.55351
11.679,17.789,0.55364
11.7,17.814,0.55378
11.721,17.839,0.55391
11.741,17.863,0.55404
11.762,17.888,0.55417
11.783,17.912,0.5543
11.804,17.937,0.55443
11.824,17.962,0.55456
11.845,17.986,0.55469
11.866,18.011,0.55482
11.887,18.035,0.55495
11.908,18.059,0.55508
11.928,18.084,0.55521
11.949,18.108,0.55534
11.97,18.133,0.55547
11.991,18.158,0.5556
12.011,18.184,0.55574
12.032,18.211,0.55587
12.053,18.248,0.556
12.074,18.286,0.55613
12.095,18.324,0.55626
12.115,18.361,0.55639
12.136,18.399,0.55652
12.157,18.437,0.55665
12.178,18.474,0.55678
12.199,18.512,0.55691
12.219,18.549,0.55704
12.24,18.587,0.55717
12.261,18.625,0.5573
12.282,18.662,0.55743
12.302,18.7,0.55756
12.323,18.737,0.55769
12.344,18.775,0.55782
12.365,18.812,0.55795
12.386,18.85,0.55808
12.406,18.887,0.55821
12.427,18.925,0.55834
12.448,18.962,0.55847
12.469,19,0.5586
12.489,19.037,0.55873
12.51,19.075,0.55886
12.531,19.112,0.55899
12.552,19.149,0.55912
12.573,19.187,0.55925
12.593,19.224,0.55938
12.614,19.262,0.55951
12.635,19.299,0.55964
12.656,19.336,0.55977
12.676,19.374,0.5599
12.697,19.411,0.56003
12.718,19.449,0.56016
12.739,19.486,0.56029
12.76,19.523,0.56042
12.78,19.561,0.56055
12.801,19.598,0.56068
12.822,19.635,0.56081
12.843,19.673,0.56094
12.864,19.71,0.56107
12.884,19.747,0.5612
12.905,19.785,0.56133
12.926,19.815,0.56146
12.947,19.845,0.56159
12.967,19.874,0.56172
12.988,19.904,0.56185
13.009,19.934,0.56198
13.03,19.963,0.56211
13.051,19.993,0.56224
13.071,20.023,0.56237
13.092,20.053,0.5625
13.113,20.082,0.56263
13.134,20.112,0.56276
13.154,20.142,0.56289
13.175,20.171,0.56302
13.196,20.201,0.56315
13.217,20.231,0.56328
13.238,20.261,0.56341
13.258,20.29,0.56354
13.279,20.32,0.56367
13.3,20.35,0.5638
13.321,20.379,0.56393
13.341,20.409,0.56406
13.362,20.439,0.56419
13.383,20.468,0.56431
13.404,20.498,0.56444
13.425,20.528,0.56457
13.445,20.557,0.5647
13.466,20.587,0.56483
13.487,20.616,0.56496
13.508,20.646,0.56509
13.529,20.676,0.56522
13.549,20.705,0.56535
13.57,20.735,0.56548
13.591,20.764,0.56561
13.612,20.794,0.56574
13.632,20.824,0.56587
13.653,20.853,0.566
13.674,20.883,0.56613
13.695,20.912,0.56625
13.716,20.942,0.56638
13.736,20.971,0.56651
13.757,21.001,0.56664
13.778,21.031,0.56677
13.799,21.06,0.5669
13.819,21.09,0.56703
13.84,21.12,0.56716
13.861,21.15,0.56729
13.882,21.18,0.56742
13.903,21.214,0.56754
13.923,21.248,0.56767
13.944,21.282,0.5678
13.965,21.316,0.56793
13.986,21.349,0.56806
14.006,21.383,0.56819
14.027,21.417,0.56832
14.048,21.451,0.56845
14.069,21.485,0.56858
14.09,21.519,0.5687
14.11,21.552,0.56883
14.131,21.586,0.56896
14.152,21.62,0.56909
14.173,21.654,0.56922
14.194,21.687,0.56935
14.214,21.721,0.56948
14.235,21.755,0.56961
14.256,21.789,0.56973
14.277,21.822,0.56986
14.297,21.856,0.56999
14.318,21.89,0.57012
14.339,21.924,0.57025
14.36,21.957,0.57038
14.381,21.991,0.57051
14.401,22.025,0.57063
14.422,22.058,0.57076
14.443,22.092,0.57089
14.464,22.125,0.57102
14.484,22.159,0.57115
14.505,22.193,0.57128
14.526,22.226,0.57141
14.547,22.26,0.57153
14.568,22.294,0.57166
14.588,22.327,0.57179
14.609,22.361,0.57192
14.63,22.394,0.57205
14.651,22.428,0.57218
14.671,22.461,0.5723
14.692,22.495,0.57243
14.713,22.528,0.57256
14.734,22.562,0.57269
14.755,22.595,0.57282
14.775,22.629,0.57295
14.796,22.662,0.57307
14.817,22.696,0.5732
14.838,22.729,0.57333
14.859,22.763,0.57346
14.879,22.796,0.57359
14.9,22.83,0.57371
14.921,22.863,0.57384
14.942,22.896,0.57397
14.962,22.93,0.5741
14.983,22.963,0.57423
15.004,22.996,0.57435
15.025,23.03,0.57448
15.046,23.063,0.57461
15.066,23.096,0.57474
15.087,23.13,0.57487
15.108,23.163,0.57499
15.129,23.196,0.57512
15.149,23.23,0.57525
15.17,23.263,0.57538
15.191,23.297,0.5755
15.212,23.332,0.57563
15.233,23.368,0.57576
15.253,23.405,0.57589
15.274,23.443,0.57602
15.295,23.491,0.57614
15.316,23.539,0.57627
15.336,23.587,0.5764
15.357,23.635,0.57653
15.378,23.683,0.57665
15.399,23.731,0.57678
15.42,23.779,0.57691
15.44,23.827,0.57704
15.461,23.875,0.57716
15.482,23.923,0.57729
15.503,23.97,0.57742
15.524,24.018,0.57755
15.544,24.066,0.57767
15.565,24.114,0.5778
15.586,24.162,0.57793
15.607,24.209,0.57806
15.627,24.257,0.57818
15.648,24.304,0.57831
15.669,24.352,0.57844
15.69,24.399,0.57857
15.711,24.447,0.57869
15.731,24.494,0.57882
15.752,24.542,0.57895
15.773,24.589,0.57908
15.794,24.636,0.5792
15.814,24.684,0.57933
15.835,24.731,0.57946
15.856,24.778,0.57958
15.877,24.826,0.57971
15.898,24.873,0.57984
15.918,24.92,0.57997
15.939,24.967,0.58009
15.96,25.015,0.58022
15.981,25.062,0.58035
16.001,25.109,0.58047
16.022,25.156,0.5806
16.043,25.203,0.58073
16.064,25.25,0.58085
16.085,25.297,0.58098
16.105,25.344,0.58111
16.126,25.392,0.58124
16.147,25.439,0.58136
16.168,25.486,0.58149
16.189,25.533,0.58162
16.209,25.58,0.58174
16.23,25.627,0.58187
16.251,25.674,0.582
16.272,25.721,0.58212
16.292,25.768,0.58225
16.313,25.815,0.58238
16.334,25.862,0.5825
16.355,25.908,0.58263
16.376,25.955,0.58276
16.396,26.002,0.58288
16.417,26.049,0.58301
16.438,26.096,0.58314
16.459,26.144,0.58326
16.479,26.191,0.58339
16.5,26.238,0.58352
16.521,26.285,0.58364
16.542,26.332,0.58377
16.563,26.379,0.5839
16.583,26.426,0.58402
16.604,26.473,0.58415
16.625,26.52,0.58428
16.646,26.567,0.5844
16.666,26.614,0.58453
16.687,26.66,0.58465
16.708,26.705,0.58478
16.729,26.742,0.58491
16.75,26.779,0.58503
16.77,26.816,0.58516
16.791,26.853,0.58529
16.812,26.891,0.58541
16.833,26.928,0.58554
16.853,26.965,0.58566
16.874,27.003,0.58579
16.895,27.04,0.58592
16.916,27.078,0.58604
16.937,27.115,0.58617
16.957,27.153,0.5863
16.978,27.191,0.58642
16.999,27.228,0.58655
17.02,27.266,0.58667
17.041,27.304,0.5868
17.061,27.342,0.58693
17.082,27.381,0.58705
17.103,27.419,0.58718
17.124,27.457,0.5873
17.144,27.496,0.58743
17.165,27.534,0.58756
17.186,27.573,0.58768
17.207,27.611,0.58781
17.228,27.65,0.58793
17.248,27.689,0.58806
17.269,27.728,0.58818
17.29,27.767,0.58831
17.311,27.806,0.58844
17.331,27.845,0.58856
17.352,27.884,0.58869
17.373,27.923,0.58881
17.394,27.963,0.58894
17.415,28.002,0.58906
17.435,28.042,0.58919
17.456,28.081,0.58932
17.477,28.121,0.58944
17.498,28.161,0.58957
17.518,28.2,0.58969
17.539,28.24,0.58982
17.56,28.28,0.58994
17.581,28.32,0.59007
17.602,28.36,0.59019
17.622,28.4,0.59032
17.643,28.441,0.59044
17.664,28.481,0.59057
17.685,28.521,0.5907
17.706,28.562,0.59082
17.726,28.602,0.59095
17.747,28.642,0.59107
17.768,28.683,0.5912
17.789,28.724,0.59132
17.809,28.764,0.59145
17.83,28.805,0.59157
17.851,28.846,0.5917
17.872,28.886,0.59182
17.893,28.927,0.59195
17.913,28.968,0.59207
17.934,29.009,0.5922
17.955,29.05,0.59232
17.976,29.091,0.59245
17.996,29.132,0.59257
18.017,29.173,0.5927
18.038,29.214,0.59282
18.059,29.255,0.59295
18.08,29.297,0.59307
18.1,29.338,0.5932
18.121,29.379,0.59332
18.142,29.42,0.59345
18.163,29.461,0.59357
18.183,29.503,0.5937
18.204,29.544,0.59382
18.225,29.585,0.59395
18.246,29.626,0.59407
18.267,29.668,0.5942
18.287,29.709,0.59432
18.308,29.75,0.59445
18.329,29.792,0.59457
18.35,29.833,0.59469
18.371,29.874,0.59482
18.391,29.915,0.59494
18.412,29.957,0.59507
18.433,29.998,0.59519
18.454,30.039,0.59532
18.474,30.081,0.59544
18.495,30.122,0.59557
18.516,30.164,0.59569
18.537,30.205,0.59582
18.558,30.246,0.59594
18.578,30.288,0.59606
18.599,30.329,0.59619
18.62,30.371,0.59631
18.641,30.412,0.59644
18.661,30.453,0.59656
18.682,30.495,0.59669
18.703,30.536,0.59681
18.724,30.578,0.59693
18.745,30.619,0.59706
18.765,30.661,0.59718
18.786,30.702,0.59731
18.807,30.744,0.59743
18.828,30.785,0.59756
18.848,30.827,0.59768
18.869,30.868,0.5978
18.89,30.91,0.59793
18.911,30.951,0.59805
18.932,30.993,0.59818
18.952,31.034,0.5983
18.973,31.076,0.59842
18.994,31.118,0.59855
19.015,31.159,0.59867
19.036,31.201,0.5988
19.056,31.242,0.59892
19.077,31.284,0.59904
19.098,31.326,0.59917
19.119,31.367,0.59929
19.139,31.409,0.59942
19.16,31.45,0.59954
19.181,31.492,0.59966
19.202,31.534,0.59979
19.223,31.575,0.59991
19.243,31.617,0.60003
19.264,31.659,0.60016
19.285,31.7,0.60028
19.306,31.742,0.6004
19.326,31.784,0.60053
19.347,31.826,0.60065
19.368,31.867,0.60078
19.389,31.909,0.6009
19.41,31.951,0.60102
19.43,31.992,0.60115
19.451,32.034,0.60127
19.472,32.076,0.60139
19.493,32.118,0.60152
19.513,32.16,0.60164
19.534,32.201,0.60176
19.555,32.243,0.60189
19.576,32.285,0.60201
19.597,32.327,0.60213
19.617,32.369,0.60226
19.638,32.41,0.60238
19.659,32.452,0.6025
19.68,32.494,0.60263
19.701,32.536,0.60275
19.721,32.578,0.60287
19.742,32.62,0.603
19.763,32.662,0.60312
19.784,32.704,0.60324
19.804,32.745,0.60336
19.825,32.787,0.60349
19.846,32.829,0.60361
19.867,32.871,0.60373
19.888,32.913,0.60386
19.908,32.955,0.60398
19.929,32.997,0.6041
19.95,33.039,0.60423
19.971,33.081,0.60435
19.991,33.123,0.60447
20.012,33.165,0.60459
20.033,33.207,0.60472
20.054,33.249,0.60484
20.075,33.291,0.60496
20.095,33.333,0.60509
20.116,33.375,0.60521
20.137,33.417,0.60533
20.158,33.459,0.60545
20.178,33.501,0.60558
20.199,33.543,0.6057
20.22,33.585,0.60582
20.241,33.627,0.60594
20.262,33.67,0.60607
20.282,33.712,0.60619
20.303,33.754,0.60631
20.324,33.796,0.60643
20.345,33.838,0.60656
20.366,33.88,0.60668
20.386,33.922,0.6068
20.407,33.964,0.60692
20.428,34.007,0.60705
20.449,34.049,0.60717
20.469,34.091,0.60729
20.49,34.133,0.60741
20.511,34.175,0.60753
20.532,34.218,0.60766
20.553,34.26,0.60778
20.573,34.302,0.6079
20.594,34.344,0.60802
20.615,34.386,0.60815
20.636,34.429,0.60827
20.656,34.471,0.60839
20.677,34.513,0.60851
20.698,34.555,0.60863
20.719,34.598,0.60876
20.74,34.64,0.60888
20.76,34.682,0.609
20.781,34.725,0.60912
20.802,34.767,0.60924
20.823,34.809,0.60937
20.843,34.852,0.60949
20.864,34.894,0.60961
20.885,34.936,0.60973
20.906,34.979,0.60985
20.927,35.021,0.60998
20.947,35.063,0.6101
20.968,35.106,0.61022
20.989,35.148,0.61034
21.01,35.191,0.61046
21.031,35.233,0.61058
21.051,35.275,0.61071
21.072,35.318,0.61083
21.093,35.36,0.61095
21.114,35.403,0.61107
21.134,35.445,0.61119
21.155,35.488,0.61131
21.176,35.53,0.61143
21.197,35.572,0.61156
21.218,35.615,0.61168
21.238,35.657,0.6118
21.259,35.7,0.61192
21.28,35.742,0.61204
21.301,35.785,0.61216
21.321,35.828,0.61228
21.342,35.87,0.61241
21.363,35.913,0.61253
21.384,35.955,0.61265
21.405,35.998,0.61277
21.425,36.04,0.61289
21.446,36.083,0.61301
21.467,36.125,0.61313
21.488,36.168,0.61325
21.508,36.211,0.61338
21.529,36.253,0.6135
21.55,36.296,0.61362
21.571,36.338,0.61374
21.592,36.381,0.61386
21.612,36.424,0.61398
21.633,36.466,0.6141
21.654,36.509,0.61422
21.675,36.552,0.61434
21.695,36.594,0.61446
21.716,36.637,0.61459
21.737,36.68,0.61471
21.758,36.723,0.61483
21.779,36.765,0.61495
21.799,36.808,0.61507
21.82,36.851,0.61519
21.841,36.893,0.61531
21.862,36.936,0.61543
21.883,36.979,0.61555
21.903,37.022,0.61567
21.924,37.064,0.61579
21.945,37.107,0.61591
21.966,37.15,0.61603
21.986,37.193,0.61615
22.007,37.236,0.61628
22.028,37.278,0.6164
22.049,37.321,0.61652
22.07,37.364,0.61664
22.09,37.407,0.61676
22.111,37.45,0.61688
22.132,37.493,0.617
22.153,37.535,0.61712
22.173,37.578,0.61724
22.194,37.621,0.61736
22.215,37.664,0.61748
22.236,37.707,0.6176
22.257,37.75,0.61772
22.277,37.793,0.61784
22.298,37.836,0.61796
22.319,37.879,0.61808
22.34,37.922,0.6182
22.36,37.965,0.61832
22.381,38.008,0.61844
22.402,38.05,0.61856
22.423,38.093,0.61868
22.444,38.136,0.6188
22.464,38.179,0.61892
22.485,38.222,0.61904
22.506,38.265,0.61916
22.527,38.308,0.61928
22.548,38.351,0.6194
22.568,38.395,0.61952
22.589,38.438,0.61964
22.61,38.481,0.61976
22.631,38.524,0.61988
22.651,38.567,0.62
22.672,38.61,0.62012
22.693,38.653,0.62024
22.714,38.696,0.62036
22.735,38.739,0.62048
22.755,38.782,0.6206
22.776,38.825,0.62072
22.797,38.868,0.62084
22.818,38.912,0.62096
22.838,38.955,0.62108
22.859,38.998,0.6212
22.88,39.041,0.62131
22.901,39.084,0.62143
22.922,39.127,0.62155
22.942,39.171,0.62167
22.963,39.214,0.62179
22.984,39.257,0.62191
23.005,39.3,0.62203
23.025,39.343,0.62215
23.046,39.387,0.62227
23.067,39.43,0.62239
23.088,39.473,0.62251
23.109,39.516,0.62263
23.129,39.56,0.62275
23.15,39.603,0.62287
23.171,39.646,0.62298
23.192,39.689,0.6231
23.213,39.733,0.62322
23.233,39.776,0.62334
23.254,39.819,0.62346
23.275,39.863,0.62358
23.296,39.906,0.6237
23.316,39.949,0.62382
23.337,39.99,0.62394
23.358,40.021,0.62406
